cluster,TSH,T3,TT4,T4U,FTI,age,sex,thyroid_surgery,I131_treatment,hypopituitary,goitre,pregnant
0,0.48391413624328494,-0.5318594287438487,-0.6924499640374376,-0.2499743471597963,-0.5909804880785966,0.6847403511354616,0.7065217391304348,0.021739130434782608,0.07608695652173914,0.0,0.0,0.0
1,3.0836069003562776,-0.7776122901079585,-2.355745573618856,0.16967901409472055,-2.758914582617774,-0.6185624405106214,0.8461538461538461,0.07692307692307693,0.07692307692307693,0.0,0.0,0.0
2,-0.24846412618537547,0.13727113921548806,0.030906548964831033,-0.2019280779693358,0.14310720282309172,-1.1899412597981274,0.7922077922077922,0.05194805194805195,0.012987012987012988,0.0,0.025974025974025976,0.012987012987012988
3,0.016773935133408677,1.1325866916728364,1.1310900735981038,2.0636290036320974,0.06801739923855114,-0.7499076244162932,0.9666666666666667,0.0,0.03333333333333333,0.0,0.0,0.16666666666666666
4,-0.5591395811588317,0.12281820971237047,0.49167442940893735,-0.21668301143944074,0.6540365922265078,0.5014229250772902,0.8220338983050848,0.01694915254237288,0.0423728813559322,0.0,0.0,0.0
